[{"place_id": 171489726, "licence": "Data \u00a9 OpenStreetMap contributors, ODbL 1.0. http://osm.org/copyright", "osm_type": "node", "osm_id": 2743285603, "lat": "52.3671947", "lon": "4.919245", "class": "place", "type": "house", "place_rank": 30, "importance": 9.99999999995449e-06, "addresstype": "place", "name": "", "display_name": "86, Entrepotdok, Kadijken, Centrum, Amsterdam, North Holland, Netherlands, 1018 AD, Netherlands", "boundingbox": ["52.3671447", "52.3672447", "4.9191950", "4.9192950"]}]